<?xml version="1.0" encoding="iso-8859-1" ?>
<manifest identifier="SUBITUSManifest" version="1.1"
          xmlns="http://www.imsproject.org/xsd/imscp_rootv1p1p2"
          xmlns:adlcp="http://www.adlnet.org/xsd/adlcp_rootv1p2"
          xmlns:xsi="http://www.w3.org/2001/XMLSchema-instance"
          xsi:schemaLocation="http://www.imsproject.org/xsd/imscp_rootv1p1p2 imscp_rootv1p1p2.xsd
                              http://www.imsglobal.org/xsd/imsmd_rootv1p2p1 imsmd_rootv1p2p1.xsd
                              http://www.adlnet.org/xsd/adlcp_rootv1p2 adlcp_rootv1p2.xsd">


<metadata>
                   <schema>ADL SCORM</schema>
                   <schemaversion>1.2</schemaversion>
                   <adlcp:location>metadata.xml</adlcp:location>
</metadata>


<organizations default="SUB1">
     <organization identifier="SUB1">
         <title>Plantilla SCORM</title>
        <item identifier="item0" identifierref="ref01" >
                <title>Mi curso SCORM</title>
        </item>
     </organization>
</organizations>

<resources>

        <resource identifier="ref01" type="webcontent" adlcp:scormtype="sco" href="index.html">
        </resource>


</resources>

</manifest>
